timestamp,elapsed_ms,phase,req_total,req_success,req_error,int_req,int_err,p50_ms,p99_ms,ws_bytes,handles,threads,pool_warm,pool_leased,pool_total,pool_min,pool_max,pool_started,note
2026-08-04T09:48:31.7932117+00:00,330015,soak,9881,5988,3893,9877,3893,0.0,7.0,158117888,812,26,2,0,2,2,6,True,
2026-08-04T09:49:01.9125751+00:00,360134,soak,10788,6548,4240,908,346,0.0,3.0,168169472,851,29,2,0,2,2,6,True,
2026-08-04T09:49:31.9560222+00:00,390178,soak,11682,7064,4618,895,378,0.0,9.8,170790912,820,29,2,0,2,2,6,True,
2026-08-04T09:50:01.9944373+00:00,420216,soak,12585,7617,4968,905,351,0.0,2.5,172138496,841,29,2,0,2,2,6,True,
2026-08-04T09:50:32.0261622+00:00,450248,soak,13490,8134,5356,905,388,0.0,6.7,172961792,860,29,2,0,2,2,6,True,
2026-08-04T09:51:02.0646475+00:00,480286,soak,14382,8654,5728,892,372,0.0,4.0,173289472,835,26,2,0,2,2,6,True,
2026-08-04T09:51:32.1044128+00:00,510326,soak,15273,9159,6114,890,385,0.0,9.0,174043136,860,27,2,0,2,2,6,True,
2026-08-04T09:52:02.1347705+00:00,540357,soak,16172,9691,6481,899,367,0.0,4.7,174399488,862,27,2,0,2,2,6,True,
2026-08-04T09:52:32.1672259+00:00,570389,soak,17060,10231,6829,887,348,0.0,3.6,175149056,875,27,1,1,2,2,6,True,
2026-08-04T09:53:02.1977419+00:00,600420,soak,17956,10744,7212,896,384,0.0,3.0,177594368,815,28,2,0,2,2,6,True,
2026-08-04T09:53:32.2293122+00:00,630451,soak,18855,11294,7561,901,349,0.0,7.0,175738880,829,26,2,0,2,2,6,True,
2026-08-04T09:54:02.2543506+00:00,660476,soak,19757,11839,7918,900,357,0.0,2.0,175702016,837,28,2,0,2,2,6,True,
2026-08-04T09:54:32.2888562+00:00,690511,soak,20660,12392,8268,905,350,0.0,3.0,175718400,849,26,0,2,2,2,6,True,
2026-08-04T09:55:02.3279506+00:00,720550,soak,21538,12916,8622,877,353,0.0,4.0,175869952,873,28,2,0,2,2,6,True,
2026-08-04T09:55:32.3567764+00:00,750579,soak,22434,13473,8961,896,339,0.0,2.4,176435200,876,26,2,0,2,2,6,True,
2026-08-04T09:56:02.3952802+00:00,780617,soak,23328,14012,9316,895,356,0.0,4.6,177229824,872,28,2,0,2,2,6,True,
2026-08-04T09:56:32.4348325+00:00,810657,soak,24241,14561,9680,912,364,0.0,3.5,176078848,884,26,1,1,2,2,6,True,
2026-08-04T09:57:02.4734987+00:00,840695,soak,25153,15109,10044,912,364,0.0,7.5,176836608,886,26,2,0,2,2,6,True,
2026-08-04T09:57:32.5226504+00:00,870744,soak,26066,15659,10407,912,362,0.0,3.0,176803840,892,27,2,0,2,2,6,True,
2026-08-04T09:58:02.5653632+00:00,900787,soak,26953,16175,10778,887,370,0.0,17.0,178192384,815,27,2,0,2,2,6,True,
2026-08-04T09:58:32.5983546+00:00,930820,soak,27848,16691,11157,896,381,0.0,2.9,177414144,829,26,2,0,2,2,6,True,
2026-08-04T09:59:02.6393558+00:00,960861,soak,28740,17245,11495,892,337,0.0,2.0,177594368,847,26,2,0,2,2,6,True,
2026-08-04T09:59:32.6686731+00:00,990890,soak,29640,17808,11832,901,338,0.0,2.0,177590272,861,27,2,0,2,2,6,True,
2026-08-04T10:00:02.6991602+00:00,1020921,soak,30544,18343,12201,903,369,0.0,2.7,178012160,848,27,2,0,2,2,6,True,
2026-08-04T10:00:32.7356054+00:00,1050957,soak,31441,18885,12556,898,355,0.0,2.0,177696768,861,26,2,0,2,2,6,True,
2026-08-04T10:01:02.7744715+00:00,1080996,soak,32331,19412,12919,890,363,0.0,2.0,179552256,876,25,2,0,2,2,6,True,
2026-08-04T10:01:32.8063039+00:00,1111028,soak,32557,19551,13006,226,87,0.0,4.9,177864704,884,24,2,0,2,2,6,True,
2026-08-04T10:02:02.8481282+00:00,1141070,soak,32776,19686,13090,218,84,0.0,3.7,178192384,899,25,2,0,2,2,6,True,
2026-08-04T10:02:32.8885444+00:00,1171110,soak,33002,19829,13173,227,83,0.0,4.6,179154944,792,26,2,0,2,2,6,True,
2026-08-04T10:03:02.9145096+00:00,1201136,soak,33250,19977,13273,248,100,0.0,4.0,178688000,824,27,2,0,2,2,6,True,
2026-08-04T10:03:32.9688477+00:00,1231191,soak,34157,20537,13620,906,347,0.0,4.4,178503680,822,26,2,0,2,2,6,True,
2026-08-04T10:04:03.0015632+00:00,1261223,soak,35053,21078,13975,897,355,0.0,3.6,179490816,850,27,2,0,2,2,6,True,
2026-08-04T10:04:33.0347492+00:00,1291257,soak,35952,21637,14315,898,340,0.0,5.0,179240960,863,25,2,0,2,2,6,True,
2026-08-04T10:05:03.0698468+00:00,1321292,soak,36878,22218,14660,925,344,0.0,3.0,179568640,877,26,2,0,2,2,6,True,
2026-08-04T10:05:33.1054784+00:00,1351327,soak,37777,22749,15028,900,368,0.0,2.0,179511296,864,27,2,0,2,2,6,True,
2026-08-04T10:06:03.1304162+00:00,1381352,soak,38682,23297,15385,903,357,0.0,3.0,179703808,880,26,2,0,2,2,6,True,
2026-08-04T10:06:33.1658421+00:00,1411388,soak,39579,23817,15762,897,377,0.0,8.2,179605504,892,24,2,0,2,2,6,True,
2026-08-04T10:07:03.1936933+00:00,1441415,soak,40474,24353,16121,898,360,0.0,2.0,179826688,915,26,2,0,2,2,6,True,
2026-08-04T10:07:33.2233560+00:00,1471445,soak,41350,24868,16482,875,361,0.0,5.6,179597312,806,25,2,0,2,2,6,True,
2026-08-04T10:08:03.2500514+00:00,1501472,soak,42241,25426,16815,892,333,0.0,3.4,179810304,832,26,2,0,2,2,6,True,
2026-08-04T10:08:33.2772065+00:00,1531499,soak,43135,25966,17169,892,354,0.0,3.6,179707904,845,26,2,0,2,2,6,True,
2026-08-04T10:09:03.3151615+00:00,1561537,soak,44033,26519,17514,900,345,0.0,3.5,180027392,838,26,2,0,2,2,6,True,
2026-08-04T10:09:33.3482642+00:00,1591570,soak,44899,27053,17846,866,332,0.0,4.0,179978240,851,25,2,0,2,2,6,True,
2026-08-04T10:10:03.3777408+00:00,1621600,soak,45811,27616,18195,911,349,0.0,4.0,180047872,876,26,2,0,2,2,6,True,
2026-08-04T10:10:33.4078444+00:00,1651630,soak,46691,28159,18532,880,336,0.0,6.6,180047872,896,26,2,0,2,2,6,True,
2026-08-04T10:11:03.4337846+00:00,1681656,soak,47575,28710,18865,883,334,0.0,24.5,180473856,880,27,2,0,2,2,6,True,
2026-08-04T10:11:33.4604282+00:00,1711682,soak,48459,29218,19241,885,375,0.0,15.6,180174848,900,27,2,0,2,2,6,True,
2026-08-04T10:12:03.4944511+00:00,1741716,soak,49365,29755,19610,907,370,0.0,4.0,180703232,916,27,2,0,2,2,6,True,
2026-08-04T10:12:33.5257965+00:00,1771748,soak,50256,30294,19962,889,351,0.0,3.6,180178944,922,26,2,0,2,2,6,True,
2026-08-04T10:13:03.5483753+00:00,1801770,soak,51153,30832,20321,898,360,0.0,6.3,182394880,819,28,2,0,2,2,6,True,
2026-08-04T10:13:33.5764213+00:00,1831798,soak,52043,31354,20689,890,368,0.0,5.6,180174848,830,25,2,0,2,2,6,True,
2026-08-04T10:14:03.6148327+00:00,1861837,soak,52949,31881,21068,905,379,0.0,9.5,180572160,856,26,2,0,2,2,6,True,
2026-08-04T10:14:33.6519024+00:00,1891874,soak,53840,32394,21446,892,377,0.0,3.9,180387840,876,26,2,0,2,2,6,True,
2026-08-04T10:15:03.6830710+00:00,1921905,soak,54724,32908,21816,885,371,0.0,3.0,180310016,843,24,2,0,2,2,6,True,
2026-08-04T10:15:33.7181126+00:00,1951940,soak,55626,33435,22191,902,375,0.0,1.7,180408320,871,25,2,0,2,2,6,True,
2026-08-04T10:16:03.7500305+00:00,1981972,soak,56491,33940,22551,865,360,0.0,3.0,180649984,882,26,2,0,2,2,6,True,
2026-08-04T10:16:33.7795013+00:00,2012001,soak,56706,34071,22635,215,84,0.0,1.0,180371456,892,23,2,0,2,2,6,True,
2026-08-04T10:17:03.8134181+00:00,2042035,soak,56926,34195,22731,219,95,0.0,1.0,181268480,897,24,2,0,2,2,6,True,
2026-08-04T10:17:33.8427921+00:00,2072065,soak,57154,34329,22825,228,94,0.0,3.0,180465664,917,24,2,0,2,2,6,True,
2026-08-04T10:18:03.8729120+00:00,2102095,soak,57424,34506,22918,271,94,0.0,11.0,181198848,892,25,2,0,2,2,6,True,
2026-08-04T10:18:33.9185064+00:00,2132140,soak,58324,35027,23297,900,379,0.0,1.0,181174272,912,27,2,0,2,2,6,True,
2026-08-04T10:19:03.9429015+00:00,2162165,soak,59226,35570,23656,901,359,0.0,7.0,181272576,927,25,2,0,2,2,6,True,
2026-08-04T10:19:33.9958205+00:00,2192218,soak,60133,36105,24028,908,372,0.0,3.0,181571584,929,26,2,0,2,2,6,True,
2026-08-04T10:20:04.0339416+00:00,2222256,soak,61016,36640,24376,883,348,0.0,14.6,181530624,814,26,2,0,2,2,6,True,
2026-08-04T10:20:34.0712300+00:00,2252293,soak,61917,37206,24711,899,335,0.0,2.0,181530624,838,26,2,0,2,2,6,True,
2026-08-04T10:21:04.1167903+00:00,2282339,soak,62798,37741,25057,881,345,0.0,2.0,181682176,863,28,2,0,2,2,6,True,
2026-08-04T10:21:34.1526408+00:00,2312374,soak,63690,38297,25393,894,337,0.0,5.0,181596160,867,27,2,0,2,2,6,True,
2026-08-04T10:22:04.1797411+00:00,2342402,soak,64599,38859,25740,907,347,0.0,2.0,181616640,858,27,2,0,2,2,6,True,
2026-08-04T10:22:34.2119971+00:00,2372434,soak,65489,39374,26115,891,374,0.0,2.0,181551104,872,26,2,0,2,2,6,True,
2026-08-04T10:23:04.2556310+00:00,2402477,soak,66378,39901,26477,890,363,0.0,4.7,181587968,884,26,2,0,2,2,6,True,
2026-08-04T10:23:34.2986916+00:00,2432520,soak,67269,40411,26858,889,380,0.0,2.0,181641216,883,27,2,0,2,2,6,True,
2026-08-04T10:24:04.3296741+00:00,2462551,soak,68184,40947,27237,916,379,0.0,7.3,181641216,889,26,2,0,2,2,6,True,
2026-08-04T10:24:34.3565078+00:00,2492578,soak,69087,41481,27606,903,370,0.0,3.7,181608448,905,25,2,0,2,2,6,True,
2026-08-04T10:25:04.3786147+00:00,2522600,soak,69974,42013,27961,886,355,0.0,5.0,181633024,918,26,2,0,2,2,6,True,
2026-08-04T10:25:34.4945661+00:00,2552716,soak,70876,42520,28356,901,394,0.0,4.9,181637120,923,26,2,0,2,2,6,True,
2026-08-04T10:26:04.5326544+00:00,2582754,soak,71767,43042,28725,894,370,0.0,8.0,181760000,943,26,2,0,2,2,6,True,
2026-08-04T10:26:34.5600334+00:00,2612782,soak,72681,43601,29080,914,355,0.0,3.0,181633024,952,24,2,0,2,2,6,True,
2026-08-04T10:27:04.6236940+00:00,2642845,soak,73583,44141,29442,901,361,0.0,7.0,181616640,955,24,2,0,2,2,6,True,
2026-08-04T10:27:34.6587526+00:00,2672881,soak,74475,44654,29821,893,380,0.0,3.0,181678080,819,26,2,0,2,2,6,True,
2026-08-04T10:28:04.6954678+00:00,2702917,soak,75378,45214,30164,902,342,0.0,8.2,181805056,839,27,2,0,2,2,6,True,
2026-08-04T10:28:34.7192559+00:00,2732941,soak,76285,45756,30529,907,366,0.0,3.0,181661696,852,26,2,0,2,2,6,True,
2026-08-04T10:29:04.7483121+00:00,2762970,soak,77207,46306,30901,922,371,0.0,5.5,181567488,850,25,2,0,2,2,6,True,
2026-08-04T10:29:34.7994780+00:00,2793021,soak,78102,46840,31262,894,361,0.0,6.0,181673984,866,27,2,0,2,2,6,True,
2026-08-04T10:30:04.8410415+00:00,2823063,soak,78995,47373,31622,893,360,0.0,6.7,181538816,876,25,2,0,2,2,6,True,
2026-08-04T10:30:34.8842362+00:00,2853106,soak,79902,47938,31964,907,341,0.0,3.4,181530624,891,25,2,0,2,2,6,True,
2026-08-04T10:31:04.9109275+00:00,2883133,soak,80732,48437,32295,832,333,0.0,9.0,181772288,887,28,2,0,2,2,6,True,
2026-08-04T10:31:34.9365012+00:00,2913158,soak,80961,48571,32390,228,94,0.0,4.7,181460992,884,24,2,0,2,2,6,True,
2026-08-04T10:32:04.9694077+00:00,2943191,soak,81193,48710,32483,233,94,0.0,6.6,181477376,909,24,2,0,2,2,6,True,
2026-08-04T10:32:35.0047161+00:00,2973226,soak,81415,48853,32562,222,79,0.0,9.5,181489664,935,24,2,0,2,2,6,True,
2026-08-04T10:33:05.0421823+00:00,3003264,soak,81713,49017,32696,297,133,0.0,18.4,181522432,934,24,2,0,2,2,6,True,
2026-08-04T10:33:35.0820531+00:00,3033304,soak,82618,49578,33040,905,344,0.0,2.0,181567488,948,25,2,0,2,2,6,True,
2026-08-04T10:34:05.1111502+00:00,3063333,soak,83512,50135,33377,894,338,0.0,2.0,181633024,973,26,2,0,2,2,6,True,
2026-08-04T10:34:35.1568429+00:00,3093379,soak,84417,50682,33735,903,357,0.0,2.0,181673984,810,25,2,0,2,2,6,True,
2026-08-04T10:35:05.2071235+00:00,3123429,soak,85306,51235,34071,890,337,0.0,8.5,181690368,833,26,2,0,2,2,6,True,
2026-08-04T10:35:35.2447381+00:00,3153467,soak,86205,51771,34434,901,363,0.0,2.0,181637120,837,25,2,0,2,2,6,True,
2026-08-04T10:36:05.2800131+00:00,3183502,soak,87091,52325,34766,885,331,0.0,4.0,181641216,843,25,2,0,2,2,6,True,
2026-08-04T10:36:35.3150400+00:00,3213537,soak,87998,52863,35135,907,369,0.0,4.6,181682176,845,26,2,0,2,2,6,True,
2026-08-04T10:37:05.3491627+00:00,3243571,soak,88915,53442,35473,918,339,0.0,2.2,181665792,862,26,2,0,2,2,6,True,
2026-08-04T10:37:35.3720207+00:00,3273594,soak,89821,53979,35842,904,368,0.0,4.0,181608448,878,25,2,0,2,2,6,True,
2026-08-04T10:38:05.3978140+00:00,3303620,soak,90722,54510,36212,903,371,0.0,5.4,182439936,869,26,2,0,2,2,6,True,
2026-08-04T10:38:35.4182528+00:00,3333640,soak,91618,55027,36591,895,379,0.0,8.7,181653504,887,25,2,0,2,2,6,True,
2026-08-04T10:39:05.4528640+00:00,3363675,soak,92520,55576,36944,902,353,0.0,3.0,181633024,905,25,2,0,2,2,6,True,
2026-08-04T10:39:35.4895218+00:00,3393711,soak,93427,56141,37286,907,342,0.0,6.4,181673984,917,25,2,0,2,2,6,True,
2026-08-04T10:40:05.5206166+00:00,3423742,soak,94327,56689,37638,899,351,0.0,4.5,181796864,917,28,2,0,2,2,6,True,
2026-08-04T10:40:35.6326631+00:00,3453854,soak,95218,57234,37984,893,347,0.0,4.5,181760000,929,26,2,0,2,2,6,True,
2026-08-04T10:41:05.6661106+00:00,3483888,soak,96114,57768,38346,896,362,0.0,4.7,181706752,941,25,2,0,2,2,6,True,
2026-08-04T10:41:35.7054865+00:00,3513927,soak,97034,58308,38726,919,380,0.0,2.6,181723136,948,26,2,0,2,2,6,True,
2026-08-04T10:42:05.7506803+00:00,3543972,soak,97928,58868,39060,894,333,0.0,4.4,181796864,956,28,2,0,2,2,6,True,
2026-08-04T10:42:35.7759406+00:00,3573998,soak,98829,59412,39417,902,358,0.0,5.0,181739520,965,26,2,0,2,2,6,True,
2026-08-04T10:43:05.8077397+00:00,3604030,soak,99721,59939,39782,891,364,0.0,11.0,182374400,983,26,2,0,2,2,6,True,
2026-08-04T10:43:35.8450955+00:00,3634067,soak,100617,60442,40175,897,394,0.0,6.0,182484992,810,27,2,0,2,2,6,True,
2026-08-04T10:44:05.8782068+00:00,3664100,soak,101523,61013,40510,905,334,0.0,10.0,181833728,820,26,2,0,2,2,6,True,
2026-08-04T10:44:35.9145286+00:00,3694136,soak,102423,61569,40854,900,345,0.0,4.0,181755904,835,25,2,0,2,2,6,True,
2026-08-04T10:45:05.9447255+00:00,3724166,soak,103303,62102,41201,881,347,0.0,8.0,181800960,853,26,2,0,2,2,6,True,
2026-08-04T10:45:35.9858362+00:00,3754208,soak,104198,62628,41570,893,368,0.0,3.8,181788672,846,26,2,0,2,2,6,True,
2026-08-04T10:46:06.0200528+00:00,3784242,soak,105025,63121,41904,829,335,0.0,4.0,181866496,874,27,2,0,2,2,6,True,
2026-08-04T10:46:36.0449316+00:00,3814267,soak,105253,63261,41992,227,87,0.0,5.6,181755904,882,24,2,0,2,2,6,True,
2026-08-04T10:47:06.0741179+00:00,3844296,soak,105476,63404,42072,224,81,0.0,2.0,181702656,906,23,2,0,2,2,6,True,
2026-08-04T10:47:36.0997821+00:00,3874322,soak,105691,63527,42164,215,92,0.0,2.0,181690368,907,24,2,0,2,2,6,True,
2026-08-04T10:48:01.7883128+00:00,3900010,soak,105879,63628,42251,188,87,0.0,1.0,187568128,924,25,2,0,2,2,6,True,final
