timestamp,elapsed_ms,phase,req_total,req_success,req_error,req_initialize,req_tools_list,req_tools_call,req_tools_call_ps_success,int_req,int_err,p50_ms,p99_ms,ws_bytes,handles,threads,pool_warm,pool_leased,pool_total,pool_min,pool_max,pool_started,pool_available,note
2026-08-04T14:14:46.5291264+00:00,30016,baseline,0,0,0,0,0,0,0,0,0,,,127803392,737,24,2,0,2,2,6,True,True,
2026-08-04T14:15:16.6687328+00:00,60156,baseline,0,0,0,0,0,0,0,0,0,,,146886656,813,29,2,0,2,2,6,True,True,
2026-08-04T14:15:46.7165505+00:00,90203,baseline,0,0,0,0,0,0,0,0,0,,,149491712,877,29,2,0,2,2,6,True,True,
2026-08-04T14:16:16.7683403+00:00,120255,baseline,0,0,0,0,0,0,0,0,0,,,154152960,854,27,2,0,2,2,6,True,True,
2026-08-04T14:16:46.7954132+00:00,150282,baseline,0,0,0,0,0,0,0,0,0,,,155860992,848,24,2,0,2,2,6,True,True,
2026-08-04T14:17:16.8328647+00:00,180320,warmup,8,8,0,1,4,3,3,6,0,111.0,151.6,162791424,939,32,2,0,2,2,6,True,True,
2026-08-04T14:17:46.8792586+00:00,210366,warmup,893,893,0,114,422,357,357,886,0,1.0,14.3,191135744,1202,28,2,0,2,2,6,True,True,
2026-08-04T14:18:16.9164103+00:00,240403,warmup,1771,1771,0,206,864,701,701,878,0,0.0,23.4,181760000,1432,27,2,0,2,2,6,True,True,
2026-08-04T14:18:46.9362832+00:00,270423,warmup,2640,2640,0,301,1285,1054,1054,870,0,0.0,14.0,191606784,1581,26,2,0,2,2,6,True,True,
2026-08-04T14:19:16.9793053+00:00,300466,warmup,3522,3522,0,388,1710,1424,1424,881,0,1.0,19.0,185270272,1625,27,2,0,2,2,6,True,True,
2026-08-04T14:19:47.0046197+00:00,330492,warmup,4400,4400,0,458,2159,1783,1783,878,0,1.0,32.2,185421824,2017,27,2,0,2,2,6,True,True,
2026-08-04T14:20:17.0379730+00:00,360525,warmup,5273,5273,0,547,2601,2125,2125,874,0,0.0,16.3,185753600,2276,27,2,0,2,2,6,True,True,
2026-08-04T14:20:47.0651347+00:00,390552,warmup,6157,6157,0,641,3034,2482,2482,884,0,0.0,18.0,185462784,1261,28,2,0,2,2,6,True,True,
2026-08-04T14:21:17.0907413+00:00,420578,warmup,7037,7037,0,712,3485,2841,2840,879,0,0.0,13.2,186077184,2331,28,1,0,2,2,6,True,True,
2026-08-04T14:21:47.1181653+00:00,450605,warmup,7895,7895,0,806,3921,3168,3168,858,0,0.0,16.0,186261504,2698,28,2,0,2,2,6,True,True,
2026-08-04T14:22:17.1509507+00:00,480638,load,8765,8765,0,883,4381,3501,3501,870,0,0.0,15.3,186601472,899,28,2,0,2,2,6,True,True,
2026-08-04T14:22:47.1791181+00:00,510666,load,9656,9656,0,966,4805,3885,3885,890,0,0.0,10.0,186454016,2086,28,2,0,2,2,6,True,True,
2026-08-04T14:23:17.1983365+00:00,540685,load,10539,10539,0,1063,5229,4247,4247,885,0,0.0,15.2,186945536,2985,24,2,0,2,2,6,True,True,
2026-08-04T14:23:47.2198284+00:00,570707,load,11418,11418,0,1162,5652,4604,4604,879,0,0.0,14.0,187441152,3214,26,2,0,2,2,6,True,True,
2026-08-04T14:24:17.2411786+00:00,600728,load,12299,12299,0,1242,6099,4958,4958,880,0,0.0,13.0,187314176,1575,28,2,0,2,2,6,True,True,
2026-08-04T14:24:47.2728707+00:00,630760,load,13169,13169,0,1322,6515,5332,5332,871,0,0.0,15.3,187961344,2696,27,2,0,2,2,6,True,True,
2026-08-04T14:25:17.2979990+00:00,660785,load,14052,14052,0,1417,6961,5674,5674,881,0,0.0,16.0,188538880,3475,26,2,0,2,2,6,True,True,
2026-08-04T14:25:47.3745617+00:00,690861,load,14920,14920,0,1496,7378,6046,6046,869,0,0.0,17.0,187400192,1283,28,2,0,2,2,6,True,True,
2026-08-04T14:26:17.3966299+00:00,720884,load,15799,15799,0,1604,7828,6367,6367,879,0,0.0,18.0,187805696,2260,26,2,0,2,2,6,True,True,
2026-08-04T14:26:47.4368495+00:00,750924,load,16665,16665,0,1687,8235,6743,6743,866,0,1.0,33.4,188805120,3397,29,2,0,2,2,6,True,True,
2026-08-04T14:27:17.4632228+00:00,780950,load,17525,17525,0,1773,8688,7064,7064,860,0,0.0,25.2,188743680,919,31,2,0,2,2,6,True,True,
2026-08-04T14:27:47.4820855+00:00,810969,load,18391,18391,0,1862,9129,7401,7400,867,0,1.0,28.4,188100608,1952,26,2,0,2,2,6,True,True,
2026-08-04T14:28:17.5178119+00:00,841005,load,19275,19275,0,1929,9584,7762,7762,883,0,1.0,29.7,188809216,3036,26,2,0,2,2,6,True,True,
2026-08-04T14:28:47.5447764+00:00,871032,load,20151,20151,0,2014,10045,8092,8092,876,0,1.0,31.0,189435904,3914,24,0,2,2,2,6,True,True,
2026-08-04T14:29:17.5765574+00:00,901063,load,21036,21036,0,2102,10443,8491,8491,884,0,1.0,19.0,188293120,1779,26,0,1,2,2,6,True,True,
2026-08-04T14:29:47.6157160+00:00,931103,load,21908,21908,0,2187,10883,8838,8838,874,0,1.0,27.0,189399040,2802,26,2,0,2,2,6,True,True,
2026-08-04T14:30:17.6685015+00:00,961155,load,22733,22733,0,2259,11311,9163,9163,822,0,2.0,168.0,190275584,3791,27,1,0,2,2,6,True,True,
2026-08-04T14:30:47.7179398+00:00,991205,load,23604,23604,0,2342,11756,9506,9506,873,0,1.0,38.1,184557568,4132,27,2,0,2,2,6,True,True,
2026-08-04T14:31:17.7462161+00:00,1021233,load,24477,24477,0,2431,12174,9872,9872,874,0,1.0,34.1,187232256,4383,27,2,0,2,2,6,True,True,
2026-08-04T14:31:47.7856725+00:00,1051273,load,25350,25350,0,2515,12593,10242,10242,873,0,1.0,22.3,191717376,4607,27,2,0,2,2,6,True,True,
2026-08-04T14:32:17.8244584+00:00,1081311,load,26213,26213,0,2599,13016,10598,10598,863,0,1.0,29.5,186036224,1507,27,2,0,2,2,6,True,True,
2026-08-04T14:32:47.8507727+00:00,1111338,load,27089,27089,0,2688,13466,10935,10935,875,0,1.0,28.5,186777600,2512,26,2,0,2,2,6,True,True,
2026-08-04T14:33:17.9133991+00:00,1141400,load,27954,27954,0,2778,13864,11313,11312,866,0,1.0,45.0,187314176,3650,26,2,0,2,2,6,True,True,
2026-08-04T14:33:47.9461744+00:00,1171433,load,28826,28826,0,2862,14280,11684,11684,871,0,1.0,55.5,188416000,4652,27,2,0,2,2,6,True,True,
2026-08-04T14:34:17.9829211+00:00,1201470,load,29713,29713,0,2957,14714,12042,12042,887,0,0.0,18.0,188628992,4878,26,2,0,2,2,6,True,True,
2026-08-04T14:34:48.0156888+00:00,1231503,load,30576,30576,0,3056,15123,12398,12397,864,0,0.0,21.0,188821504,5043,26,2,0,2,2,6,True,True,
2026-08-04T14:35:18.0425036+00:00,1261529,load,31417,31417,0,3132,15534,12751,12751,841,0,1.0,19.6,188936192,5271,26,2,0,2,2,6,True,True,
2026-08-04T14:35:48.0848676+00:00,1291572,load,31633,31633,0,3157,15645,12831,12831,216,0,0.0,17.8,185610240,1061,24,2,0,2,2,6,True,True,
2026-08-04T14:36:18.1201662+00:00,1321607,load,31857,31857,0,3176,15753,12928,12928,224,0,1.0,16.8,185786368,1368,24,2,0,2,2,6,True,True,
2026-08-04T14:36:48.1476682+00:00,1351635,load,32077,32077,0,3198,15861,13018,13018,220,0,1.0,16.6,186036224,1652,23,2,0,2,2,6,True,True,
2026-08-04T14:37:18.1789749+00:00,1381666,load,32324,32324,0,3222,15971,13131,13131,246,0,1.0,16.0,187572224,1992,27,1,0,2,2,6,True,True,
2026-08-04T14:37:48.2131219+00:00,1411700,load,33151,33151,0,3310,16394,13447,13447,827,0,1.0,159.9,187486208,2976,30,1,0,2,2,6,True,True,
2026-08-04T14:38:18.2411544+00:00,1441728,load,34028,34028,0,3406,16820,13802,13802,877,0,1.0,28.0,188325888,4037,28,1,0,2,2,6,True,True,
2026-08-04T14:38:48.2728319+00:00,1471760,load,34911,34911,0,3496,17258,14158,14157,884,0,1.0,40.5,188985344,5096,26,2,0,2,2,6,True,True,
2026-08-04T14:39:18.2999080+00:00,1501787,load,35790,35790,0,3579,17724,14487,14487,878,0,0.0,71.1,189222912,5424,23,2,0,2,2,6,True,True,
2026-08-04T14:39:48.3389262+00:00,1531826,load,36658,36658,0,3686,18145,14828,14827,869,0,0.0,15.0,189149184,5607,26,2,0,2,2,6,True,True,
2026-08-04T14:40:18.3754526+00:00,1561862,load,37515,37515,0,3788,18578,15149,15149,857,0,0.0,29.3,187027456,1514,26,2,0,2,2,6,True,True,
2026-08-04T14:40:48.4048231+00:00,1591892,load,38374,38374,0,3858,19000,15516,15516,859,0,0.0,25.0,187572224,2635,26,2,0,2,2,6,True,True,
2026-08-04T14:41:18.4540930+00:00,1621941,load,39266,39266,0,3941,19470,15855,15855,892,0,0.0,24.1,188276736,3637,26,2,0,2,2,6,True,True,
2026-08-04T14:41:48.4798464+00:00,1651967,load,40129,40129,0,4039,19871,16219,16219,862,0,0.0,18.0,188448768,4757,27,2,0,2,2,6,True,True,
2026-08-04T14:42:18.5070181+00:00,1681994,load,41029,41029,0,4134,20320,16575,16575,901,0,0.0,16.0,189440000,5760,26,1,1,2,2,6,True,True,
2026-08-04T14:42:48.5357810+00:00,1712023,load,41890,41890,0,4240,20734,16916,16916,860,0,0.0,17.0,188928000,5866,25,2,0,2,2,6,True,True,
2026-08-04T14:43:18.5687680+00:00,1742056,load,42766,42766,0,4315,21193,17258,17258,877,0,0.0,25.2,189329408,847,25,2,0,2,2,6,True,True,
2026-08-04T14:43:48.5982182+00:00,1772085,load,43658,43658,0,4404,21658,17598,17596,892,0,0.0,16.0,187232256,1855,26,0,2,2,2,6,True,True,
2026-08-04T14:44:18.6324030+00:00,1802119,load,44527,44527,0,4502,22077,17948,17948,868,0,0.0,25.0,187699200,2949,26,2,0,2,2,6,True,True,
2026-08-04T14:44:48.6580992+00:00,1832145,load,45413,45413,0,4593,22522,18298,18298,886,0,0.0,23.0,188841984,4011,26,2,0,2,2,6,True,True,
2026-08-04T14:45:18.6846439+00:00,1862172,load,46294,46294,0,4695,22941,18659,18659,880,0,1.0,45.3,185434112,5075,26,2,0,2,2,6,True,True,
2026-08-04T14:45:48.7196103+00:00,1892207,load,47149,47149,0,4776,23367,19006,19006,856,0,0.0,31.6,185757696,6001,25,2,0,2,2,6,True,True,
2026-08-04T14:46:18.7447950+00:00,1922232,load,48029,48029,0,4882,23790,19357,19357,881,0,0.0,28.6,186593280,6206,25,2,0,2,2,6,True,True,
2026-08-04T14:46:48.7697694+00:00,1952257,load,48904,48904,0,4964,24242,19698,19698,875,0,0.0,40.0,184004608,1239,25,2,0,2,2,6,True,True,
2026-08-04T14:47:18.8068282+00:00,1982294,load,49762,49762,0,5057,24671,20034,20034,858,0,0.0,27.2,184610816,2242,23,2,0,2,2,6,True,True,
2026-08-04T14:47:48.8301837+00:00,2012317,load,50615,50615,0,5162,25094,20359,20359,852,0,1.0,56.0,185409536,3243,27,2,0,2,2,6,True,True,
2026-08-04T14:48:18.8667099+00:00,2042354,load,51513,51513,0,5244,25541,20729,20728,899,0,1.0,21.0,185991168,4369,27,2,0,2,2,6,True,True,
2026-08-04T14:48:48.9074117+00:00,2072394,load,52384,52384,0,5334,25959,21091,21091,870,0,1.0,31.6,186146816,5444,26,2,0,2,2,6,True,True,
2026-08-04T14:49:18.9410055+00:00,2102428,load,53255,53255,0,5403,26419,21433,21433,872,0,1.0,25.0,186920960,6402,25,2,0,2,2,6,True,True,
2026-08-04T14:49:48.9832157+00:00,2132470,load,54112,54112,0,5484,26853,21776,21775,857,0,1.0,43.3,187179008,6587,26,2,0,2,2,6,True,True,
2026-08-04T14:50:19.0155233+00:00,2162502,load,54943,54943,0,5574,27272,22098,22098,831,0,0.0,16.7,180641792,1535,27,2,0,2,2,6,True,True,
2026-08-04T14:50:49.0376514+00:00,2192525,load,55155,55155,0,5610,27364,22182,22182,212,0,1.0,21.2,180400128,1762,24,2,0,2,2,6,True,True,
2026-08-04T14:51:19.0690315+00:00,2222556,load,55366,55366,0,5636,27466,22265,22265,211,0,1.0,32.2,180600832,2029,23,2,0,2,2,6,True,True,
2026-08-04T14:51:49.0993891+00:00,2252586,load,55588,55588,0,5659,27575,22355,22355,222,0,1.0,29.0,180936704,2315,25,2,0,2,2,6,True,True,
2026-08-04T14:52:19.1268186+00:00,2282614,load,55870,55870,0,5682,27728,22461,22461,281,0,0.0,20.8,182222848,2653,26,2,0,2,2,6,True,True,
2026-08-04T14:52:49.1509091+00:00,2312638,load,56695,56695,0,5773,28119,22804,22804,826,0,1.0,83.5,181846016,3679,26,2,0,2,2,6,True,True,
2026-08-04T14:53:19.1920385+00:00,2342679,load,57573,57573,0,5845,28558,23171,23171,878,0,1.0,29.2,182890496,4802,27,2,0,2,2,6,True,True,
2026-08-04T14:53:49.2289721+00:00,2372716,load,58444,58444,0,5933,28977,23536,23535,871,0,1.0,18.0,183513088,5887,26,2,0,2,2,6,True,True,
2026-08-04T14:54:19.2668105+00:00,2402754,load,59324,59324,0,6034,29413,23878,23878,877,0,0.0,26.0,184115200,6736,27,1,0,2,2,6,True,True,
2026-08-04T14:54:49.2911435+00:00,2432778,load,60207,60207,0,6124,29864,24220,24220,886,0,0.0,21.1,175603712,1013,27,2,0,2,2,6,True,True,
2026-08-04T14:55:19.3137739+00:00,2462801,load,61089,61089,0,6209,30300,24581,24581,882,0,0.0,17.2,176222208,2108,27,2,0,2,2,6,True,True,
2026-08-04T14:55:49.3385894+00:00,2492826,load,61968,61968,0,6293,30727,24949,24949,877,0,1.0,18.0,181075968,3239,27,2,0,2,2,6,True,True,
2026-08-04T14:56:19.3690816+00:00,2522856,load,62832,62832,0,6374,31174,25286,25285,864,0,1.0,23.4,181518336,4257,27,2,0,2,2,6,True,True,
2026-08-04T14:56:49.4193731+00:00,2552906,load,63722,63722,0,6478,31598,25647,25647,890,0,0.0,20.0,181690368,5351,25,2,0,2,2,6,True,True,
2026-08-04T14:57:19.4622617+00:00,2582949,load,64572,64572,0,6564,32025,25984,25984,851,0,0.0,30.0,182403072,6367,25,2,0,2,2,6,True,True,
2026-08-04T14:57:49.5175733+00:00,2613004,load,65443,65443,0,6650,32465,26330,26329,869,0,1.0,54.9,179511296,957,27,2,0,2,2,6,True,True,
2026-08-04T14:58:19.5836574+00:00,2643071,load,66310,66310,0,6739,32905,26667,26667,870,0,1.0,52.2,180408320,1960,26,2,0,2,2,6,True,True,
2026-08-04T14:58:49.6248490+00:00,2673112,load,67194,67194,0,6818,33365,27012,27012,882,0,1.0,35.0,180969472,2998,27,2,0,2,2,6,True,True,
2026-08-04T14:59:19.6615250+00:00,2703148,load,68075,68075,0,6912,33795,27369,27369,883,0,1.0,23.0,181514240,4075,25,2,0,2,2,6,True,True,
2026-08-04T14:59:49.6884670+00:00,2733175,load,68962,68962,0,6996,34224,27743,27743,887,0,1.0,17.0,182095872,5232,26,2,0,2,2,6,True,True,
2026-08-04T15:00:19.7220436+00:00,2763209,load,69843,69843,0,7085,34643,28116,28116,881,0,1.0,27.2,181579776,6347,26,2,0,2,2,6,True,True,
2026-08-04T15:00:49.7593654+00:00,2793246,load,70715,70715,0,7165,35082,28470,28469,872,0,1.0,29.6,182460416,7141,28,2,0,2,2,6,True,True,
2026-08-04T15:01:19.7911282+00:00,2823278,load,71584,71584,0,7265,35519,28801,28801,868,0,0.0,19.0,182185984,7262,25,2,0,2,2,6,True,True,
2026-08-04T15:01:49.8233122+00:00,2853310,load,72446,72446,0,7355,35937,29155,29155,862,0,0.0,39.8,182611968,7489,26,2,0,2,2,6,True,True,
2026-08-04T15:02:19.8588172+00:00,2883346,load,73296,73296,0,7424,36384,29489,29489,850,0,1.0,25.5,179060736,994,28,2,0,2,2,6,True,True,
2026-08-04T15:02:49.8917991+00:00,2913379,load,74157,74157,0,7523,36814,29821,29821,862,0,0.0,14.4,179761152,2012,26,2,0,2,2,6,True,True,
2026-08-04T15:03:19.9245663+00:00,2943411,load,75020,75020,0,7602,37241,30179,30179,862,0,1.0,23.0,180654080,3083,27,2,0,2,2,6,True,True,
2026-08-04T15:03:49.9593350+00:00,2973446,load,75888,75888,0,7685,37707,30497,30497,869,0,1.0,27.3,181248000,4063,32,2,0,2,2,6,True,True,
2026-08-04T15:04:20.0030323+00:00,3003490,load,76772,76772,0,7778,38139,30856,30856,884,0,1.0,32.3,182206464,5119,30,2,0,2,2,6,True,True,
2026-08-04T15:04:50.0348701+00:00,3033522,load,77643,77643,0,7858,38592,31194,31194,870,0,1.0,22.0,182853632,6161,29,2,0,2,2,6,True,True,
2026-08-04T15:05:20.0724250+00:00,3063559,load,78433,78433,0,7934,38987,31513,31513,791,0,1.0,37.0,182509568,7135,32,2,0,2,2,6,True,True,
2026-08-04T15:05:50.1116798+00:00,3093599,load,78650,78650,0,7961,39081,31609,31609,217,0,1.0,19.8,182321152,7398,24,2,0,2,2,6,True,True,
2026-08-04T15:06:20.1529621+00:00,3123640,load,78864,78864,0,7979,39188,31698,31698,213,0,1.0,47.2,182542336,7659,24,2,0,2,2,6,True,True,
2026-08-04T15:06:50.1959092+00:00,3153683,load,79080,79080,0,7994,39304,31783,31783,217,0,1.0,34.0,176979968,942,24,1,1,2,2,6,True,True,
2026-08-04T15:07:20.2343978+00:00,3183721,load,79379,79379,0,8033,39437,31910,31910,299,0,1.0,34.0,174153728,1344,26,2,0,2,2,6,True,True,
2026-08-04T15:07:50.2715649+00:00,3213758,load,80203,80203,0,8120,39828,32256,32256,824,0,2.0,120.7,179302400,2376,27,2,0,2,2,6,True,True,
2026-08-04T15:08:20.3221266+00:00,3243809,load,81058,81058,0,8213,40281,32565,32565,854,0,1.0,32.0,180137984,3317,27,2,0,2,2,6,True,True,
2026-08-04T15:08:50.3460902+00:00,3273833,load,81914,81914,0,8301,40694,32920,32920,855,0,1.0,68.5,180031488,4392,26,2,0,2,2,6,True,True,
2026-08-04T15:09:20.3877248+00:00,3303875,load,82784,82784,0,8378,41151,33256,33256,871,0,1.0,41.9,181620736,5436,28,2,0,2,2,6,True,True,
2026-08-04T15:09:50.4163981+00:00,3333903,load,83671,83671,0,8465,41603,33605,33604,888,0,1.0,26.0,181923840,6479,26,2,0,2,2,6,True,True,
2026-08-04T15:10:20.4606603+00:00,3363948,load,84543,84543,0,8557,42022,33965,33965,871,0,1.0,31.0,182267904,7556,27,2,0,2,2,6,True,True,
2026-08-04T15:10:50.4971630+00:00,3393984,load,85402,85402,0,8643,42443,34317,34317,860,0,1.0,24.0,183054336,7914,26,2,0,2,2,6,True,True,
2026-08-04T15:11:20.5430301+00:00,3424030,load,86287,86287,0,8737,42884,34667,34667,882,0,1.0,22.2,179720192,1723,27,2,0,2,2,6,True,True,
2026-08-04T15:11:50.5757822+00:00,3454063,load,87148,87148,0,8817,43292,35040,35040,863,0,1.0,22.4,180383744,2829,26,2,0,2,2,6,True,True,
2026-08-04T15:12:20.6202956+00:00,3484107,load,88024,88024,0,8913,43768,35344,35344,877,0,0.0,16.0,180805632,3749,25,2,0,2,2,6,True,True,
2026-08-04T15:12:50.6469090+00:00,3514134,load,88891,88891,0,9002,44182,35708,35708,867,0,1.0,20.0,181534720,4847,26,2,0,2,2,6,True,True,
2026-08-04T15:13:20.6760765+00:00,3544163,load,89755,89755,0,9078,44631,36048,36048,864,0,1.0,21.4,182128640,5908,26,0,2,2,2,6,True,True,
2026-08-04T15:13:50.7348263+00:00,3574222,load,90624,90624,0,9186,45066,36373,36373,868,0,1.0,27.0,182468608,6914,26,2,0,2,2,6,True,True,
2026-08-04T15:14:20.7715689+00:00,3604258,load,91484,91484,0,9281,45478,36726,36726,859,0,1.0,26.4,183533568,7958,28,1,0,2,2,6,True,True,
2026-08-04T15:14:50.8111065+00:00,3634298,load,92342,92342,0,9367,45919,37057,37057,859,0,1.0,29.4,183173120,8130,28,1,0,2,2,6,True,True,
2026-08-04T15:15:20.8714012+00:00,3664358,load,93170,93170,0,9457,46346,37368,37368,828,0,1.0,155.7,174395392,1331,27,2,0,2,2,6,True,True,
2026-08-04T15:15:50.9003334+00:00,3694387,load,94033,94033,0,9541,46776,37717,37717,864,0,1.0,25.0,179605504,2393,27,2,0,2,2,6,True,True,
2026-08-04T15:16:20.9352762+00:00,3724422,load,94880,94880,0,9620,47210,38051,38051,845,0,1.0,67.4,180396032,3415,27,2,0,2,2,6,True,True,
2026-08-04T15:16:50.9626207+00:00,3754450,load,95751,95751,0,9711,47634,38407,38407,871,0,1.0,24.0,181305344,4460,26,2,0,2,2,6,True,True,
2026-08-04T15:17:20.9976860+00:00,3784485,load,96620,96620,0,9795,48070,38756,38756,867,0,1.0,31.7,181665792,5511,24,2,0,2,2,6,True,True,
2026-08-04T15:17:51.0869071+00:00,3814574,load,97481,97481,0,9897,48501,39084,39084,864,0,1.0,40.4,182362112,6535,26,2,0,2,2,6,True,True,
2026-08-04T15:18:21.1197096+00:00,3844607,load,98362,98362,0,9991,48948,39425,39424,881,0,1.0,26.0,183111680,7558,27,2,0,2,2,6,True,True,
2026-08-04T15:18:51.1485966+00:00,3874636,load,99223,99223,0,10075,49373,39776,39776,861,0,1.0,27.4,183328768,8323,26,2,0,2,2,6,True,True,
2026-08-04T15:19:21.1920118+00:00,3904679,load,100082,100082,0,10166,49812,40105,40105,860,0,1.0,23.0,183656448,8431,23,2,0,2,2,6,True,True,
2026-08-04T15:19:51.2347644+00:00,3934722,load,100950,100950,0,10256,50231,40464,40464,868,0,1.0,23.7,184172544,8769,26,2,0,2,2,6,True,True,
2026-08-04T15:20:21.2750010+00:00,3964762,load,101712,101712,0,10315,50613,40785,40785,762,0,1.0,34.9,179068928,1292,26,2,0,2,2,6,True,True,
2026-08-04T15:20:51.3195084+00:00,3994806,load,101920,101920,0,10332,50726,40863,40863,207,0,1.0,41.9,178880512,1505,24,2,0,2,2,6,True,True,
2026-08-04T15:21:21.3748205+00:00,4024862,load,102134,102134,0,10354,50835,40946,40946,215,0,0.0,15.9,179044352,1767,23,2,0,2,2,6,True,True,
2026-08-04T15:21:51.4023979+00:00,4054889,load,102359,102359,0,10372,50942,41046,41046,225,0,1.0,22.8,179609600,2092,26,2,0,2,2,6,True,True,
2026-08-04T15:22:21.4401602+00:00,4084927,load,102686,102686,0,10403,51093,41191,41191,326,0,1.0,26.0,180535296,2526,26,2,0,2,2,6,True,True,
2026-08-04T15:22:51.4727459+00:00,4114960,load,103576,103576,0,10496,51564,41517,41517,890,0,1.0,21.0,181223424,3514,26,2,0,2,2,6,True,True,
2026-08-04T15:23:21.5198485+00:00,4145007,cooldown,104284,104284,0,10570,51921,41794,41794,709,0,1.0,30.7,181633024,4351,26,2,0,2,2,6,True,True,
2026-08-04T15:23:51.5524182+00:00,4175039,cooldown,104284,104284,0,10570,51921,41794,41794,0,0,,,180162560,4335,22,2,0,2,2,6,True,True,
2026-08-04T15:24:21.5939005+00:00,4205081,cooldown,104284,104284,0,10570,51921,41794,41794,0,0,,,180142080,4341,21,2,0,2,2,6,True,True,
2026-08-04T15:24:51.6285675+00:00,4235115,cooldown,104284,104284,0,10570,51921,41794,41794,0,0,,,179945472,4356,20,2,0,2,2,6,True,True,
2026-08-04T15:25:21.6651201+00:00,4265152,cooldown,104284,104284,0,10570,51921,41794,41794,0,0,,,179822592,4364,20,2,0,2,2,6,True,True,
2026-08-04T15:25:51.6949250+00:00,4295182,cooldown,104284,104284,0,10570,51921,41794,41794,0,0,,,179937280,4381,22,2,0,2,2,6,True,True,
2026-08-04T15:26:21.7349213+00:00,4325222,cooldown,104284,104284,0,10570,51921,41794,41794,0,0,,,179937280,4393,22,2,0,2,2,6,True,True,
2026-08-04T15:26:51.7704867+00:00,4355257,cooldown,104284,104284,0,10570,51921,41794,41794,0,0,,,180092928,4382,24,2,0,2,2,6,True,True,
2026-08-04T15:27:21.8992432+00:00,4385386,cooldown,104284,104284,0,10570,51921,41794,41794,0,0,,,179937280,4389,23,2,0,2,2,6,True,True,
2026-08-04T15:27:51.9332490+00:00,4415420,cooldown,104284,104284,0,10570,51921,41794,41794,0,0,,,179957760,4405,23,2,0,2,2,6,True,True,
2026-08-04T15:28:16.5436024+00:00,4440031,cooldown,104284,104284,0,10570,51921,41794,41794,0,0,,,179916800,4410,22,2,0,2,2,6,True,True,final
